{
  "headers": [
    {
      "source": "/(.*)",
      "headers": [
        {
          "key": "Content-Security-Policy",
          "value": "default-src 'self'; script-src 'self' 'unsafe-inline' 'unsafe-eval'; style-src 'self' 'unsafe-inline' https://fonts.googleapis.com; font-src 'self' https://fonts.gstatic.com; img-src 'self' data: https://*; connect-src 'self' https://*;"
        },
        {
          "key": "X-Content-Type-Options",
          "value": "nosniff"
        },
        {
          "key": "X-Frame-Options",
          "value": "DENY"
        },
        {
          "key": "X-XSS-Protection",
          "value": "1; mode=block"
        }
      ]
    }
  ],
  "build": {
    "env": {
      "NEXT_DISABLE_SOURCEMAPS": "true"
    }
  },
  "github": {
    "silent": true
  },
  "routes": [
    { "handle": "filesystem" },
    { "src": "/(.*)", "dest": "/" }
  ]
}
